{"cameraMode":{"drawMode":0,"name":"Shaded","section":"Shading Mode"},"sceneLighting":false,"audioPlay":false,"sceneViewState":{"m_AlwaysRefresh":false,"showFog":true,"showSkybox":true,"showFlares":true,"showImageEffects":true,"showParticleSystems":true,"showVisualEffectGraphs":true,"m_FxEnabled":false},"in2DMode":false,"pivot":{"x":1.2513456344604493,"y":1.681499719619751,"z":10.670997619628907},"rotation":{"x":-0.052761174738407138,"y":-0.030855020508170129,"z":0.0016275523230433465,"w":-0.9981480836868286},"size":0.7541847229003906,"orthographic":false}