{"cameraMode":{"drawMode":0,"name":"Shaded","section":"Shading Mode"},"sceneLighting":false,"audioPlay":false,"sceneViewState":{"m_AlwaysRefresh":false,"showFog":true,"showSkybox":true,"showFlares":true,"showImageEffects":true,"showParticleSystems":true,"showVisualEffectGraphs":true,"m_FxEnabled":false},"in2DMode":false,"pivot":{"x":1.0579874515533448,"y":2.2626540660858156,"z":8.498345375061036},"rotation":{"x":-0.07368475943803787,"y":-0.45304492115974429,"z":0.037588804960250857,"w":-0.8876904845237732},"size":0.6879351139068604,"orthographic":false}